{"ballsList":[{"position":{"x":2.559999942779541,"y":0.8500000238418579,"z":-4.420000076293945},"scale":{"x":2.0,"y":2.0,"z":2.0},"color":{"r":0.0874173641204834,"g":1.0,"b":0.0,"a":1.0}},{"position":{"x":-3.380000114440918,"y":0.0,"z":-3.630000114440918},"scale":{"x":1.0,"y":1.0,"z":1.0},"color":{"r":1.0,"g":0.0,"b":0.0,"a":1.0}},{"position":{"x":-1.9600000381469727,"y":0.0,"z":2.309999942779541},"scale":{"x":5.216800212860107,"y":5.216800212860107,"z":5.216800212860107},"color":{"r":1.0,"g":0.0,"b":0.0,"a":1.0}}]}